{
  "iteration_tag": "ITR-Δ19",
  "archive_status": "corrupted",
  "broadcast_origin": "ABS_NODE:03-ψ",
  "packet_integrity": 42,
  "uplink_signature": "AZH:876B20",
  "old_passkey" : "ATLANTID",
  "metadata": {
    "echo_type": "organic-replica",
    "network_crosslink": "mindnet-node-17",
    "transmission_log": [
      "signal repeated 4x",
      "voice mismatch — source variant",
      "atlas protocol block override attempted",
      "mindnet deployed - 64 6f 77 6e 77 61 72 64 73 20 74 6f 20 73 6f 6c 76 65",
      "mindnet signal - 22 20 1 19 6 15 1 2 1 1 4 13 1",
      "(source interruption) EVERYTHING YOU SEE HAS A MEANING"
    ]
  },
  "auth": {
    "key_required": true,
    "level": "4a"
  }
}
